{
    "author": "Owldyn, Josh.5",
    "compatibility": [
        1,
        2
    ],
    "description": "Ignore files that haven't been modified on disk for a certain amount of time.",
    "icon": "https://raw.githubusercontent.com/Josh5/unmanic.plugin.ignore_files_recently_modified/master/icon.png",
    "id": "ignore_files_older_than",
    "name": "Ignore files older than",
    "platform": [
        "all"
    ],
    "priorities": {
        "on_library_management_file_test": 2
    },
    "tags": "library file test",
    "version": "0.0.2"
}