{
    "author": "Owldyn, Josh.5",
    "compatibility": [
        1,
        2
    ],
    "description": "Ensure all video streams are encoded with the VP9 codec using the libvpx-vp9 encoder.",
    "icon": "https://raw.githubusercontent.com/Josh5/unmanic.plugin.encoder_video_libvpx_vp9/master/icon.png",
    "id": "encoder_video_libvpx_vp9",
    "name": "Video Encoder VP9 - libvpx-vp9 (CPU)",
    "platform": [
        "all"
    ],
    "priorities": {
        "on_library_management_file_test": 99,
        "on_worker_process": 0
    },
    "tags": "video,encoder,ffmpeg,library file test",
    "version": "0.2.3"
}
